track_id,shape_gap_x30,shape_gap_x40,shape_gap_x50,shape_gap_x60,shape_gap_x70,shape_gap_x80,shape_gap_x90,shape_gap_x95,shape_gap_x99,interior_gap,far_edge_gap,departure
8,-0.003457986455084737,-0.004372850546545293,-0.0025154320087046877,-0.0033205188989002543,-0.00246937664100938,-0.001920214579496038,0.00023483280797384487,0.0017596918016330176,0.0027173045695815523,-0.0033205188989002543,0.0027173045695815523,0.006037823468481807
10,0.0016400182956677334,0.007792135893149421,0.009888760420294601,0.007860417629682023,0.003908161886364059,-0.002210529242011372,-0.0022428611471848603,-0.005175976205288202,-0.01333945564392125,0.007860417629682023,-0.01333945564392125,0.021199873273603273
14,-0.00035684707886210476,-0.0004950287062687742,-0.0003828775590965505,-0.0001200511760716394,2.2239990030703538e-05,0.0001205316291566505,0.00014384406821926765,-0.00018273007209225478,-0.00017392197455690095,-0.0001200511760716394,-0.00017392197455690095,5.387079848526155e-05
21,-0.001839423469698287,-0.0015941780705817088,-0.0022276177982482326,-0.0027302960487710914,-0.0018628700174768142,-0.0013585054854412804,0.0009299756489394018,0.002261573010087836,0.003435206283483705,-0.0027302960487710914,0.003435206283483705,0.006165502332254796
