track_id,raw_min_mm,raw_max_mm,raw_span_mm,raw_argmax_y_index,raw_argmax_near_edge,raw_finite_fraction,residual_peak_mm,residual_peak_y_index,residual_run_extent_points,residual_run_touches_y0,residual_run_touches_yN,fitted_surface_y0_mm,fitted_surface_ymid_mm,fitted_surface_yN_mm,fitted_surface_span_mm,rejection_no_columns,rejection_gap_fail,rejection_no_baseline_sep,rejection_clipped_run_only,rejection_crossed,rejection_ok,design_cond_unscaled,design_norm_ratio_unscaled,design_cond_scaled,design_norm_ratio_scaled
8,-0.1815158724784851,-0.16283516585826874,0.01868070662021637,285,False,0.6310770911360799,0.008648651784742278,281,163,False,False,-0.17561927082163978,-0.16991675899044048,-0.1697008111432424,0.012453409983005398,1,25,0,3,0,371,17180151.34811684,3038351.8118259506,21.126404185645526,4.971274062714668
10,-0.3790380656719208,0.4974493086338043,0.8764873743057251,380,False,0.4835543070695004,0.2333651318847216,0,73,True,False,-0.013233888523202009,0.10938693165015538,0.05023151992045992,0.8841557932961346,0,112,0,267,0,21,17455762.506683953,3087094.3137152647,21.108970205379205,4.964413445888438
14,-0.1804935187101364,-0.15930108726024628,0.021192431449890137,136,False,0.48922516139390254,0.0054986654681176,246,108,False,False,-0.17195204180649556,-0.1726212566368573,-0.17608602300916862,0.02445736099898216,7,79,3,0,0,311,16239496.66112545,2871994.6307994667,21.09988159101994,4.960628259077217
21,-0.14737379550933838,-0.13570785522460938,0.011665940284729004,339,False,0.4445279145110252,0.008860151452969284,349,170,False,True,-0.14947076655579847,-0.1463532003021627,-0.14574942509140287,0.005675423680017638,3,37,0,5,0,355,16772490.846684307,2966256.0344881653,21.13155371020473,4.973211420129673
