track_id,raw_min_mm,raw_max_mm,raw_span_mm,raw_argmax_y_index,raw_argmax_near_edge,raw_finite_fraction,residual_peak_mm,residual_peak_y_index,residual_run_extent_points,residual_run_touches_y0,residual_run_touches_yN,fitted_surface_y0_mm,fitted_surface_ymid_mm,fitted_surface_yN_mm,fitted_surface_span_mm,rejection_no_columns,rejection_gap_fail,rejection_no_baseline_sep,rejection_clipped_run_only,rejection_crossed,rejection_ok,design_cond_unscaled,design_norm_ratio_unscaled,design_cond_scaled,design_norm_ratio_scaled
8,-0.1815158724784851,-0.16283516585826874,0.01868070662021637,285,False,0.6310770911360799,0.008768046295486331,277,162,False,False,-0.1755438660097124,-0.1699690659058531,-0.1700472120251873,0.01224418310477024,1,25,0,4,0,370,17180151.34811684,3038351.8118259506,21.126404185645526,4.971274062714668
10,-0.3790380656719208,0.4974493086338043,0.8764873743057251,380,False,0.4835543070695004,0.01675292063232031,0,117,True,False,0.20358987050270544,0.1034386836176688,0.04880299779977874,0.8771261776737067,0,112,0,33,0,255,17455762.506683953,3087094.3137152647,21.108970205379205,4.964413445888438
14,-0.1804935187101364,-0.15930108726024628,0.021192431449890137,136,False,0.48922516139390254,0.005236645089529091,252,112,False,False,-0.172114731241223,-0.17221960908797962,-0.1743068541128136,0.024511549034416824,7,79,4,0,0,310,16239496.66112545,2871994.6307994667,21.09988159101994,4.960628259077217
21,-0.14737379550933838,-0.13570785522460938,0.011665940284729004,339,False,0.4445279145110252,0.010190052457772464,476,154,False,True,-0.14963548453823058,-0.1463481402393727,-0.1495755297180439,0.005641378610154901,3,37,0,9,0,351,16772490.846684307,2966256.0344881653,21.13155371020473,4.973211420129673
