track_id,shape_gap_x30,shape_gap_x40,shape_gap_x50,shape_gap_x60,shape_gap_x70,shape_gap_x80,shape_gap_x90,shape_gap_x95,shape_gap_x99,interior_gap,far_edge_gap,departure
8,-0.0032379924479981753,-0.005116273026666784,-0.00301283889706222,-0.003421308667644868,-0.002080625999374114,-0.0013923118904384524,-0.00010519050790450124,0.0005119118600612482,0.0007116920147503952,-0.003421308667644868,0.0007116920147503952,0.004133000682395263
10,0.0034407467257477897,0.006126580518399649,0.007545621622036813,0.0068785889897624575,0.004994327609555538,0.0012057801151545977,4.740742197939518e-05,-0.002564517929268595,-0.008859748631961928,0.0068785889897624575,-0.008859748631961928,0.015738337621724385
14,-0.000855083927747996,-0.0008261337306023075,-0.0004607051188948996,-5.5183199441422026e-05,0.00010655110329674256,0.00017758526022559895,0.0001230620786787373,-0.0002925456877355126,-0.00030598160755382353,-5.5183199441422026e-05,-0.00030598160755382353,0.0002507984081124015
21,-0.00134433798745065,-0.0018364600023070277,-0.0026470263429793917,-0.0029696456323261566,-0.0017536197203104342,-0.0010138819934240317,0.0012864494929357428,0.002425678445326568,0.003372268835976522,-0.0029696456323261566,0.003372268835976522,0.0063419144683026785
