track_id,raw_min_mm,raw_max_mm,raw_span_mm,raw_argmax_y_index,raw_argmax_near_edge,raw_finite_fraction,residual_peak_mm,residual_peak_y_index,residual_run_extent_points,residual_run_touches_y0,residual_run_touches_yN,fitted_surface_y0_mm,fitted_surface_ymid_mm,fitted_surface_yN_mm,fitted_surface_span_mm,rejection_no_columns,rejection_gap_fail,rejection_no_baseline_sep,rejection_clipped_run_only,rejection_crossed,rejection_ok,design_cond_unscaled,design_norm_ratio_unscaled,design_cond_scaled,design_norm_ratio_scaled
8,-0.1815158724784851,-0.16283516585826874,0.01868070662021637,285,False,0.6310770911360799,0.00876324880084936,277,162,False,False,-0.17552042855090183,-0.1698762710285718,-0.16975675626721434,0.012419057258928667,1,25,0,13,0,361,17180151.34811684,3038351.8118259506,21.126404185645526,4.971274062714668
10,-0.3790380656719208,0.4974493086338043,0.8764873743057251,380,False,0.4835543070695004,0.01582909523197173,0,117,True,False,0.203886959816743,0.10393830088871335,0.04786609422348434,0.8788548406857627,0,112,0,86,0,202,17455762.506683953,3087094.3137152647,21.108970205379205,4.964413445888438
14,-0.1804935187101364,-0.15930108726024628,0.021192431449890137,136,False,0.48922516139390254,0.005237576971019467,252,112,False,False,-0.172220641587973,-0.1722332332955741,-0.17438505093524134,0.024455337011936473,7,79,3,10,0,301,16239496.66112545,2871994.6307994667,21.09988159101994,4.960628259077217
21,-0.14737379550933838,-0.13570785522460938,0.011665940284729004,339,False,0.4445279145110252,0.010203724753870921,474,154,False,True,-0.1496327395467469,-0.14635890942221727,-0.14966854500191748,0.005617427351698734,3,37,0,48,0,312,16772490.846684307,2966256.0344881653,21.13155371020473,4.973211420129673
